artist,total_chart_streams,chart_weeks,peak_position,first_chart_date,last_chart_date
Taylor Swift,4266405139,37,1,2023-02-23,2026-02-26
The Weeknd,3466615363,37,3,2023-02-23,2026-02-26
Bad Bunny,3394122112,36,1,2023-02-23,2026-02-26
Bruno Mars,2861196103,37,1,2023-02-23,2026-02-26
Sabrina Carpenter,2494755919,37,1,2023-02-23,2026-02-26
Billie Eilish,2459302740,37,1,2023-02-23,2026-02-26
Peso Pluma,2308287487,36,1,2023-02-23,2026-02-26
SZA,1987375040,37,2,2023-02-23,2026-02-26
Kendrick Lamar,1920957684,34,2,2023-03-30,2026-02-26
Coldplay,1744148670,37,19,2023-02-23,2026-02-26
Fuerza Regida,1472321327,36,5,2023-02-23,2026-02-26
Feid,1362160549,30,5,2023-02-23,2025-08-28
Arctic Monkeys,1358303915,37,15,2023-02-23,2026-02-26
KAROL G,1344986167,36,2,2023-02-23,2026-02-26
Tate McRae,1175241448,32,1,2023-02-23,2026-02-26
Lady Gaga,1157385738,20,1,2023-02-23,2026-02-26
Ariana Grande,1109629138,37,2,2023-02-23,2026-02-26
KPop Demon Hunters Cast,1002127684,9,1,2025-06-26,2026-02-26
The Creator,993928893,34,9,2023-04-27,2026-02-26
Tyler,993928893,34,9,2023-04-27,2026-02-26
Benson Boone,984255148,26,1,2024-02-01,2026-02-26
Drake,963750145,36,15,2023-02-23,2026-02-26
Travis Scott,945857597,25,3,2023-03-30,2025-03-27
Jung Kook,942654754,36,1,2023-02-23,2026-02-26
Playboi Carti,927958805,33,11,2023-06-29,2026-02-26
Chappell Roan,917984476,23,6,2024-04-25,2026-02-26
Post Malone,916884870,31,1,2023-02-23,2026-02-26
Jimin,913340763,36,1,2023-03-30,2026-02-26
Ed Sheeran,904715982,32,19,2023-02-23,2026-02-26
Metro Boomin,904374691,21,4,2023-02-23,2025-03-27
JENNIE,846030614,29,3,2023-10-26,2026-02-26
Tito Double P,825678745,22,13,2023-11-30,2026-02-26
Justin Bieber,817722110,34,4,2023-02-23,2026-02-26
Grupo Frontera,800646912,29,2,2023-02-23,2026-02-26
Eminem,777201020,36,12,2023-02-23,2026-02-26
Teddy Swims,745352855,28,6,2023-11-30,2026-02-26
Harry Styles,737417046,35,2,2023-02-23,2026-02-26
Lana Del Rey,737134288,33,31,2023-02-23,2026-02-26
Linkin Park,724627470,29,9,2023-02-23,2026-02-26
Neton Vega,723584523,22,15,2024-04-25,2026-02-26
EJAE,719803767,9,1,2025-06-26,2026-02-26
sombr,680729101,12,2,2025-03-27,2026-02-26
Hozier,679489101,32,8,2023-03-30,2026-02-26
Rauw Alejandro,671683833,32,5,2023-02-23,2026-02-26
Morgan Wallen,669753886,30,7,2023-02-23,2025-09-25
Beéle,662308815,18,5,2023-06-01,2026-02-26
OneRepublic,658833232,36,25,2023-02-23,2026-02-26
Kali Uchis,654761217,35,11,2023-03-30,2026-02-26
AUDREY NUNA,632882467,9,1,2025-06-26,2026-02-26
HUNTR/X,632882467,9,1,2025-06-26,2026-02-26
REI AMI,632882467,9,1,2025-06-26,2026-02-26
ROSÉ,613186705,17,1,2024-10-31,2026-02-26
Latto,611800363,32,1,2023-07-27,2026-02-26
Miley Cyrus,599239329,26,1,2023-02-23,2025-03-27
Future,596742628,21,4,2023-02-23,2025-03-27
Natanael Cano,594862933,27,11,2023-02-23,2025-10-30
Gracie Abrams,589781468,20,6,2024-06-27,2026-02-26
Dua Lipa,584986218,20,6,2023-02-23,2026-01-29
The Neighbourhood,576199049,37,17,2023-02-23,2026-02-26
Junior H,574321710,22,9,2023-02-23,2026-01-01
Cris MJ,572957989,23,5,2023-02-23,2025-10-30
Imagine Dragons,570255535,28,38,2023-02-23,2025-11-27
FloyyMenor,563978705,21,5,2024-02-29,2025-10-30
Rihanna,553833821,31,39,2023-02-23,2026-02-26
Lily-Rose Depp,548659661,29,3,2023-10-26,2026-02-26
21 Savage,542202128,17,6,2023-02-23,2025-01-30
Ovy On The Drums,529947087,21,5,2023-02-23,2026-02-26
Zach Bryan,528536633,17,20,2023-02-23,2024-10-31
Djo,520755114,25,1,2024-02-29,2026-02-26
Daft Punk,505072607,37,24,2023-02-23,2026-02-26
Lord Huron,503541967,32,15,2023-07-27,2026-02-26
d4vd,500777540,29,16,2023-02-23,2025-09-25
Cigarettes After Sex,491299361,37,65,2023-02-23,2026-02-26
Tom Odell,487869257,37,22,2023-02-23,2026-02-26
Alex Warren,483662424,14,1,2024-08-29,2026-02-26
Shakira,483075042,23,2,2023-02-23,2026-02-26
Bizarrap,480992123,13,4,2023-02-23,2025-11-27
Gabito Ballesteros,472948540,28,9,2023-02-23,2025-10-30
Doja Cat,466085238,18,1,2023-02-23,2025-08-28
Olivia Dean,464744426,7,3,2025-08-28,2026-02-26
Olivia Rodrigo,460162426,15,5,2023-07-27,2025-11-27
Quevedo,434936198,20,8,2023-02-23,2026-01-01
David Guetta,430129268,21,10,2023-02-23,2024-10-31
The Kid LAROI,426420216,27,14,2023-02-23,2025-10-30
Myke Towers,423029380,21,2,2023-02-23,2025-01-30
Swae Lee,421060476,27,19,2023-02-23,2026-02-26
Radiohead,418359275,27,29,2023-06-01,2026-02-26
Oscar Maydon,416966193,23,5,2023-02-23,2026-01-29
The Police,409102953,33,10,2023-06-01,2026-02-26
V,402601181,29,31,2023-08-31,2026-01-01
Vance Joy,402382331,37,32,2023-02-23,2026-02-26
Manuel Turizo,402198172,24,9,2023-02-23,2025-08-28
The Goo Goo Dolls,401231401,27,12,2023-08-31,2026-02-26
Gigi Perez,391915013,19,8,2024-08-29,2026-02-26
RAYE,382928264,24,6,2023-02-23,2026-02-26
Xavi,377703585,11,1,2023-11-30,2025-08-28
The Chainsmokers,375763769,27,62,2023-06-01,2026-02-26
Andrew Choi,369245217,8,4,2025-06-26,2026-01-29
Calvin Harris,359597422,28,59,2023-02-23,2026-02-26
Chino Pacas,355080980,22,16,2023-02-23,2025-08-28
Lola Young,353314600,16,8,2024-10-31,2026-02-26
One Direction,352044360,28,13,2023-02-23,2026-01-29
Selena Gomez,351079402,22,11,2023-02-23,2026-02-26
Keane,346939855,36,80,2023-02-23,2026-02-26
Jin,344112013,17,2,2024-10-31,2026-02-26
Carín León,342994366,20,17,2023-02-23,2025-01-30
Kanye West,342431863,13,3,2023-06-29,2026-02-26
Khalid,337155070,35,94,2023-02-23,2026-02-26
Shaboozey,325570209,18,9,2024-04-25,2025-09-25
Charli xcx,323741740,19,14,2023-07-27,2026-02-26
Michael Bublé,322664539,5,7,2023-11-30,2025-11-27
Mitski,321987141,18,3,2023-09-28,2025-02-27
Lewis Capaldi,320526623,30,60,2023-02-23,2025-11-27
Tyla,319551353,22,9,2023-09-28,2026-02-26
Don Toliver,319472218,27,45,2023-04-27,2026-02-26
Wizkid,313547861,31,36,2023-04-27,2026-02-26
Kyla,313547861,31,36,2023-04-27,2026-02-26
Mariah Carey,305715700,6,1,2023-11-30,2026-01-01
Ray Dalton,303735961,32,92,2023-03-30,2026-02-26
Macklemore & Ryan Lewis,303735961,32,92,2023-03-30,2026-02-26
Ryan Lewis,303735961,32,92,2023-03-30,2026-02-26
Macklemore,303735961,32,92,2023-03-30,2026-02-26
KATSEYE,300584800,12,10,2024-09-26,2026-02-26
Young Miko,299766582,15,8,2023-04-27,2024-06-27
Central Cee,297624080,16,11,2023-02-23,2025-08-28
NewJeans,293754594,11,9,2023-02-23,2024-05-30
Artemas,291255522,12,3,2024-03-28,2025-02-27
Ice Spice,290356801,11,3,2023-02-23,2024-08-01
ROSALÍA,287748136,15,5,2023-02-23,2026-02-26
Noah Kahan,285457307,18,8,2023-07-27,2026-02-26
David Kushner,285188994,17,5,2023-04-27,2024-08-29
ATL Jacob,285176915,17,10,2023-12-28,2025-05-01
KEVIN WOO,282323917,8,4,2025-06-26,2026-01-29
Neckwav,282323917,8,4,2025-06-26,2026-01-29
samUIL Lee,282323917,8,4,2025-06-26,2026-01-29
Danny Chung,282323917,8,4,2025-06-26,2026-01-29
Saja Boys,282323917,8,4,2025-06-26,2026-01-29
Calle 24,275304378,21,16,2023-09-28,2025-11-27
Bebe Rexha,273008298,21,10,2023-02-23,2024-10-31
Adele,272867800,18,95,2023-02-23,2025-02-27
Jack Harlow,263017773,10,4,2023-10-26,2025-08-28
The Marías,262241098,15,38,2024-11-28,2026-02-26
Fleetwood Mac,258504205,19,37,2023-08-31,2026-02-26
Wham!,258373203,6,2,2023-11-30,2026-01-01
Eslabon Armado,254908465,11,1,2023-03-30,2024-02-01
Tommy Richman,254568269,10,3,2024-05-30,2025-02-27
Frank Ocean,252812931,24,69,2023-04-27,2025-05-01
Don Omar,250188644,26,80,2023-06-01,2026-02-26
Lucenzo,250188644,26,80,2023-06-01,2026-02-26
The Walters,247003091,25,76,2023-02-23,2025-11-27
Tears For Fears,242253064,26,63,2023-04-27,2026-02-26
Gunna,237144034,17,10,2023-06-29,2024-12-26
W Sound,233146275,13,5,2024-10-31,2026-02-26
J. Cole,231110539,15,17,2023-02-23,2024-05-30
Hotel Ugly,229623439,24,82,2023-02-23,2026-02-26
Elton John,229239231,17,24,2023-02-23,2024-12-26
Sia,228004928,12,9,2023-02-23,2026-01-01
Yng Lvcas,227098061,11,3,2023-02-23,2023-12-28
Brenda Lee,224399137,6,3,2023-11-30,2026-01-01
Omar Courtz,224264359,16,12,2024-10-31,2026-02-26
Doechii,219628177,10,4,2023-06-29,2025-06-26
Rema,208734519,13,11,2023-02-23,2024-02-29
Kacey Musgraves,207149867,15,20,2023-08-31,2024-10-31
Ravyn Lenae,206519108,12,8,2025-03-27,2026-02-26
Ruth B.,205882100,21,75,2023-02-23,2025-03-27
PinkPantheress,205656274,11,3,2023-02-23,2026-02-26
Luis R Conriquez,202778015,14,44,2023-04-27,2025-09-25
TV Girl,201059740,21,107,2023-03-30,2025-03-27
The Killers,199006276,20,50,2024-02-01,2026-02-26
Dean Martin,197444127,6,6,2023-11-30,2026-01-01
Dave,195428899,12,11,2023-06-29,2026-02-26
Bobby Helms,192846615,6,4,2023-11-30,2026-01-01
Miguel,192680997,18,23,2023-02-23,2025-03-27
Glass Animals,192306378,19,53,2023-02-23,2025-07-31
Madonna,188348221,13,12,2023-06-29,2024-06-27
Stephen Sanchez,187052267,12,24,2023-02-23,2024-02-29
a-ha,186024492,19,75,2023-06-01,2026-01-29
Natasha Bedingfield,185922446,15,16,2024-02-01,2025-07-31
Maluma,181441454,12,17,2023-09-28,2024-11-28
Kelly Clarkson,181179499,6,9,2023-11-30,2026-01-01
Journey,178365442,18,93,2024-05-30,2026-01-01
Myles Smith,177004217,12,16,2024-05-30,2025-07-31
James Arthur,174639945,18,87,2023-02-23,2025-07-31
LE SSERAFIM,173731673,14,25,2023-02-23,2026-01-29
Pitbull,172908951,17,96,2024-05-30,2026-02-26
Sexyy Red,168579397,11,25,2023-10-26,2025-02-27
Nirvana,168022847,13,114,2025-02-27,2026-02-26
Kapo,166262990,11,39,2024-08-01,2026-02-26
Charlie Puth,165791587,15,82,2023-02-23,2026-02-26
AFROJACK,164880620,17,96,2024-05-30,2026-02-26
Ne-Yo,164880620,17,96,2024-05-30,2026-02-26
Nayer,164880620,17,96,2024-05-30,2026-02-26
Dei V,163474439,13,12,2025-01-30,2026-02-26
FIFTY FIFTY,163252366,9,5,2023-03-30,2023-11-30
Frank Sinatra,161744561,3,21,2023-11-30,2024-12-26
Creedence Clearwater Revival,161430496,15,90,2023-08-31,2026-02-26
Arijit Singh,161047656,13,22,2023-06-01,2026-02-26
Beyoncé,160774934,9,2,2023-02-23,2024-06-27
Andy Williams,159379347,5,8,2023-11-30,2025-11-27
Gorillaz,158683224,15,53,2023-03-30,2026-02-26
Lefty Gunplay,158510961,8,7,2024-11-28,2025-06-26
Sam Smith,155461757,10,7,2023-02-23,2025-01-30
Marshmello,154875151,12,15,2023-03-30,2024-03-28
JVKE,152822261,10,21,2023-02-23,2023-11-30
Romeo Santos,152363388,12,29,2023-02-23,2026-01-29
Ty Dolla $ign,150724564,5,3,2024-02-29,2024-06-27
¥$,150724564,5,3,2024-02-29,2024-06-27
Kenya Grace,149955818,7,4,2023-09-28,2024-03-28
Dasha,149927740,9,27,2024-03-28,2024-11-28
De La Soul,148976300,14,53,2024-11-28,2026-02-26
cassö,147975508,11,17,2023-08-31,2024-06-27
D-Block Europe,147975508,11,17,2023-08-31,2024-06-27
Tinashe,144799346,9,16,2024-06-27,2026-02-26
LISA,143936991,8,14,2023-08-31,2025-03-27
Nat King Cole,143319398,4,18,2023-11-30,2025-11-27
Em Beihold,143182459,12,24,2023-02-23,2024-02-29
Blessd,141968435,12,48,2023-04-27,2026-01-01
Mark Ambor,141741477,9,30,2024-04-25,2024-12-26
BLACKPINK,141555656,10,8,2023-02-23,2026-01-01
Jay Rock,140908164,15,62,2023-03-30,2025-05-29
Íñigo Quintero,140300130,8,1,2023-09-28,2024-04-25
Maroon 5,139600905,16,85,2023-03-30,2026-02-26
Zara Larsson,139417006,4,9,2025-11-27,2026-02-26
Yandel,139330163,8,8,2023-02-23,2024-09-26
PNAU,137680791,15,78,2023-02-23,2024-08-01
Steve Lacy,137396683,12,57,2023-02-23,2024-11-28
Daniel Caesar,137101590,8,10,2024-09-26,2026-02-26
Laufey,135985666,11,33,2023-07-27,2026-02-26
CYRIL,135675761,7,64,2024-03-28,2024-09-26
MC Meno K,134571751,8,16,2025-06-26,2026-02-26
Disco Lines,133178059,8,16,2025-07-31,2026-02-26
Park Hyo Shin,133142599,13,65,2024-12-26,2026-01-01
Coi Leray,133106468,8,20,2023-02-23,2023-09-28
Nicki Minaj,132456965,10,7,2023-04-27,2026-01-29
Ozuna,131934449,10,17,2023-02-23,2026-02-26
Lil Tecca,130798200,11,23,2023-10-26,2025-06-26
Ayra Starr,130039151,9,28,2023-02-23,2024-11-28
Alleh,129750759,10,41,2024-12-26,2025-09-25
Yorghaki,129750759,10,41,2024-12-26,2025-09-25
Los Dareyes De La Sierra,127550460,11,53,2023-06-29,2025-09-25
F1 The Album,125510548,8,23,2025-06-26,2026-02-26
yung kai,125414985,9,25,2024-12-26,2025-08-28
MC Ryan SP,125289814,9,16,2023-09-28,2026-02-26
Chris Brown,124229514,7,43,2023-02-23,2023-08-31
Rvssian,122670145,8,28,2024-04-25,2024-11-28
José Feliciano,121925986,5,10,2023-11-30,2025-11-27
j-hope,120599442,8,25,2025-02-27,2026-01-29
Milo j,120268682,9,43,2023-03-30,2024-04-25
Anitta,118478749,9,19,2023-12-28,2025-03-27
Yung Beef,117796572,5,18,2025-10-30,2026-02-26
El Bogueto,117796572,5,18,2025-10-30,2026-02-26
DJ Snake,117622213,11,35,2025-01-30,2026-02-26
benny blanco,117400595,7,64,2024-10-31,2025-05-01
Bing Crosby,116764641,3,32,2023-11-30,2024-12-26
French Montana,116291590,12,101,2024-03-28,2026-01-29
Halsey,116152151,13,76,2025-01-30,2026-02-26
Kim Petras,115889223,8,7,2023-02-23,2023-10-26
TOTO,115588083,13,108,2024-05-30,2026-02-26
Arcane,115346453,6,11,2023-02-23,2025-03-27
Irshad Kamil,114143230,7,6,2025-07-31,2026-02-26
Yahritza Y Su Esencia,113403804,9,14,2023-04-27,2026-02-26
Michael Jackson,111639890,10,83,2024-05-30,2026-02-26
Richy Mitch & The Coal Miners,109946493,9,54,2024-02-01,2024-09-26
The Ronettes,109941627,5,12,2023-11-30,2025-11-27
Sevdaliza,109760752,7,12,2024-04-25,2024-11-28
Luke Combs,108538542,10,43,2023-04-27,2024-09-26
Anuel AA,108395712,9,33,2023-03-30,2026-02-26
*NSYNC,108252804,7,13,2023-12-28,2024-12-26
Tiago PZK,107143636,8,21,2023-06-29,2024-04-25
Alemán,107051878,7,15,2025-02-27,2025-08-28
Lil Uzi Vert,105365827,6,30,2023-02-23,2026-02-26
WizTheMc,105089452,7,22,2025-03-27,2025-09-25
bees & honey,105089452,7,22,2025-03-27,2025-09-25
Malachiii,104076452,8,20,2024-06-27,2025-07-31
Orso,104076452,8,20,2024-06-27,2025-07-31
Keinemusik,104076452,8,20,2024-06-27,2025-07-31
Stryv,104076452,8,20,2024-06-27,2025-07-31
Adam Port,104076452,8,20,2024-06-27,2025-07-31
GloRilla,103451693,6,25,2024-10-31,2025-06-26
Evanescence,102520227,11,90,2025-05-01,2026-02-26
Michael Marcagi,102317418,8,32,2024-02-29,2024-09-26
Tiësto,102278777,8,44,2023-02-23,2024-06-27
Arcángel,102093677,7,18,2023-02-23,2026-02-26
Tame Impala,101669810,5,53,2025-10-30,2026-02-26
J Balvin,100854405,10,33,2023-02-23,2026-02-26
Chencho Corleone,100496397,9,40,2023-02-23,2023-10-26
Plan B,99858981,11,129,2023-06-29,2024-09-26
Ana Castela,99193068,8,80,2023-02-23,2024-02-01
Addison Rae,97947512,9,33,2024-09-26,2026-02-26
Lil Wayne,97384374,6,25,2023-06-29,2025-02-27
Wiz Khalifa,96927069,11,85,2023-03-30,2026-02-26
DJ DAVI DOGDOG,95833014,5,16,2025-10-30,2026-02-26
Rels B,95806103,8,29,2025-07-31,2026-02-26
Wyclef Jean,93435901,10,100,2024-03-28,2026-02-26
Aqua,93155159,5,7,2023-06-29,2023-10-26
New West,92598502,10,98,2023-02-23,2024-02-29
Eladio Carrion,89369072,6,13,2023-03-30,2023-10-26
Yeat,89067439,6,15,2023-10-26,2024-03-28
EsDeeKid,88927760,4,41,2025-11-27,2026-02-26
Libianca,88519173,7,37,2023-02-23,2023-08-31
Chrystal,87520457,8,55,2025-01-30,2025-08-28
NOTION,87520457,8,55,2025-01-30,2025-08-28
Jinu,86921300,6,14,2025-06-26,2025-11-27
Rumi,86921300,6,14,2025-06-26,2025-11-27
Guns N' Roses,86446301,10,129,2025-05-01,2026-02-26
Ava Max,86375779,8,95,2023-12-28,2024-12-26
Yseult,86176435,5,12,2024-08-01,2024-11-28
Pabllo Vittar,86176435,5,12,2024-08-01,2024-11-28
Coolio,85846157,10,128,2023-02-23,2026-02-26
L.V.,85846157,10,128,2023-02-23,2026-02-26
FMK,85626143,6,21,2023-04-27,2023-09-28
Big One,85626143,6,21,2023-04-27,2023-09-28
Aditya Rikhari,85412585,7,37,2025-07-31,2026-01-29
Young Thug,85211422,8,77,2023-03-30,2024-02-29
Emilia,84677365,7,21,2023-06-29,2024-03-28
ILLIT,84074377,6,33,2024-03-28,2026-01-01
Grupo Marca Registrada,82800739,8,61,2023-02-23,2024-02-29
Grupo Firme,82118138,7,57,2023-08-31,2024-02-29
AC/DC,80889699,7,155,2024-05-30,2026-02-26
Grupo Menos É Mais,80384906,7,52,2025-05-29,2026-01-01
Nadhif Basalamah,78689288,7,48,2023-10-26,2026-02-26
Danny Ocean,78367154,8,47,2025-01-30,2026-02-26
Tory Lanez,77844851,9,116,2023-02-23,2024-02-01
Tanishk Bagchi,77538366,4,6,2025-07-31,2025-10-30
Faheem Abdullah,77538366,4,6,2025-07-31,2025-10-30
Arslan Nizami,77538366,4,6,2025-07-31,2025-10-30
DJ Japa NK,77387834,5,16,2025-10-30,2026-02-26
Mc Jacaré,77387834,5,16,2025-10-30,2026-02-26
Cup of Joe,77283776,7,45,2025-05-01,2025-10-30
Duki,76872513,6,21,2023-02-23,2023-09-28
Omar Camacho,76849577,7,89,2025-08-28,2026-02-26
Victor Mendivil,76849577,7,89,2025-08-28,2026-02-26
Twenty One Pilots,76836957,8,57,2023-07-27,2026-02-26
JID,76806978,7,45,2023-02-23,2024-03-28
Mora,76204288,7,37,2023-02-23,2025-05-29
Taiu,76029795,7,46,2023-03-30,2024-02-29
Dominic Fike,75497208,6,18,2023-06-29,2026-02-26
Edgardo Nuñez,75261751,6,41,2023-06-29,2025-05-29
Kehlani,75095272,7,81,2025-08-28,2026-02-26
Ryan Castro,74980445,6,47,2023-07-27,2026-02-26
BTS,74581683,5,45,2023-02-23,2023-07-27
TWICE,74322292,4,52,2025-07-31,2025-10-30
Julión Álvarez y su Norteño Banda,73380491,7,57,2024-02-29,2024-11-28
Perry Como,72735898,4,23,2023-11-30,2024-12-26
Mitchell Ayres & His Orchestra,72735898,4,23,2023-11-30,2024-12-26
The Fontane Sisters,72735898,4,23,2023-11-30,2024-12-26
Trueno,71997254,4,15,2024-02-29,2024-08-29
Simone Mendes,71578965,7,52,2025-05-29,2026-01-01
Elvis Presley,71359136,2,34,2023-12-28,2024-12-26
Yoko Ono,71234665,3,16,2023-11-30,2024-12-26
John Lennon,71234665,3,16,2023-11-30,2024-12-26
070 Shake,71128905,5,13,2023-02-23,2023-06-29
Lil Baby,70653003,4,17,2024-05-30,2024-08-29
Bomba Estéreo,70049938,7,61,2023-02-23,2023-08-31
Ellie Goulding,69961384,7,63,2023-03-30,2026-01-29
Tems,69917821,4,12,2025-10-30,2026-02-26
Stromae,69458927,4,11,2024-11-28,2025-03-27
Pomme,69458927,4,11,2024-11-28,2025-03-27
MC Tuto,68446361,5,39,2024-10-31,2025-02-27
Maria Becerra,68182367,4,21,2023-06-29,2023-09-28
Florence + The Machine,68138152,3,10,2023-06-01,2024-05-30
Paul McCartney,67946749,3,20,2023-11-30,2024-12-26
Skillibeng,67903284,5,18,2024-04-25,2025-08-28
Avicii,67811269,8,131,2023-06-01,2025-05-01
Kalmi,67752282,4,10,2024-08-01,2024-10-31
Hanumankind,67752282,4,10,2024-08-01,2024-10-31
Jorsshh,67641740,6,89,2024-12-26,2025-05-29
Anne-Marie,67533247,6,58,2023-04-27,2023-09-28
Empire Of The Sun,66675164,7,110,2025-03-27,2026-02-26
Earth,66584847,7,77,2023-09-28,2025-09-25
Wind & Fire,66584847,7,77,2023-09-28,2025-09-25
ATLXS,66499356,5,41,2025-05-01,2025-08-28
NIKI,65804304,5,21,2025-05-01,2025-08-28
Creepy Nuts,65771787,6,57,2024-02-01,2024-11-28
Nicki Nicole,65061735,5,58,2023-02-23,2024-03-28
YG Marley,64314204,4,13,2024-02-01,2024-04-25
Peggy Gou,63375623,5,30,2023-06-29,2023-10-26
Mc Rodrigo do CN,62905128,7,137,2024-12-26,2025-10-30
Kygo,62822421,6,95,2024-02-01,2024-06-27
Shakin' Stevens,62387743,3,26,2023-11-30,2024-12-26
Imogen Heap,62382258,6,72,2025-01-30,2026-01-29
Baby Tate,61323741,5,45,2023-11-30,2024-03-28
Loreen,61256707,6,39,2023-06-01,2023-10-26
B. Swanson Quartet,61235836,3,21,2023-11-30,2024-12-26
DFZM,60992913,5,32,2024-11-28,2025-06-26
Burl Ives,60880462,3,23,2023-11-30,2024-12-26
Agatino Romero,60249057,4,42,2024-04-25,2024-08-01
Jaxomy,60249057,4,42,2024-04-25,2024-08-01
Raffaella Carrà,60249057,4,42,2024-04-25,2024-08-01
Jordan Adetunji,60168185,5,51,2024-06-27,2024-10-31
Conan Gray,60127067,7,146,2023-02-23,2025-03-27
aespa,59883124,4,50,2024-05-30,2024-11-28
JHAYCO,59657282,5,32,2023-06-29,2024-04-25
Timbaland,59449833,6,150,2025-06-26,2026-02-26
Black Eyed Peas,58518724,4,24,2025-06-26,2026-01-01
Young Cister,58370861,5,45,2025-08-28,2026-01-01
Kreamly,58370861,5,45,2025-08-28,2026-01-01
SIENNA SPIRO,58334493,3,10,2026-01-01,2026-02-26
Alphaville,58091893,5,54,2024-08-01,2024-11-28
Shenseea,58044083,4,18,2025-05-29,2025-08-28
Silent Addy,58044083,4,18,2025-05-29,2025-08-28
MOLIY,58044083,4,18,2025-05-29,2025-08-28
MC GP,58002771,6,88,2023-09-28,2025-11-27
Rosa Linn,57662471,6,65,2023-02-23,2023-07-27
Ken Darby Singers,57307068,3,32,2023-11-30,2024-12-26
John Scott Trotter & His Orchestra,57307068,3,32,2023-11-30,2024-12-26
Meghan Trainor,57285503,5,42,2023-02-23,2024-12-26
Rich Amiri,56638260,5,53,2024-02-01,2024-05-30
Jombriel,56599032,5,32,2025-01-30,2025-06-26
Jøtta,56599032,5,32,2025-01-30,2025-06-26
Disturbed,56510952,6,133,2024-04-25,2024-09-26
Zé Felipe,56311046,6,104,2023-02-23,2025-02-27
AgroPlay,56291546,6,80,2023-02-23,2023-07-27
The Outfield,56154100,6,154,2024-05-30,2024-10-31
Chase Atlantic,56112187,5,64,2024-12-26,2025-05-01
Troye Sivan,55780829,5,34,2023-07-27,2023-11-30
Tokischa,55463698,5,69,2023-08-31,2024-05-30
JISOO,55443726,5,39,2023-04-27,2025-10-30
Ñengo Flow,55341452,5,63,2023-02-23,2026-02-26
Charita Utami,54956300,4,12,2025-05-01,2025-07-31
Fourtwnty,54956300,4,12,2025-05-01,2025-07-31
Megan Thee Stallion,54825865,4,35,2024-02-01,2024-09-26
She & Him,54574346,3,16,2026-01-01,2026-02-26
Raim Laode,53553460,6,108,2023-02-23,2025-06-26
Chezile,53473222,5,81,2024-11-28,2025-03-27
De La Rose,52368754,4,34,2024-10-31,2025-01-30
MC Kevin o Chris,52299429,4,41,2023-06-29,2023-09-28
Dwele,52064509,6,141,2023-09-28,2026-02-26
Chance the Rapper,51769234,6,156,2025-09-25,2026-02-26
Mc Davi,51749090,5,74,2023-09-28,2025-03-27
Band Aid,51247311,2,27,2023-12-28,2024-12-26
Chris Rea,51197983,2,25,2023-12-28,2024-12-26
Nelly Furtado,51046715,6,150,2025-06-26,2026-02-26
Rusherking,50141509,4,21,2023-06-29,2023-09-28
LIT killah,50141509,4,21,2023-06-29,2023-09-28
Bryson Tiller,49924258,4,50,2024-02-29,2024-05-30
Oasis,49662076,5,94,2024-08-29,2026-01-01
John Williams,49608401,3,28,2023-12-28,2024-12-26
Darlene Love,49584413,2,29,2023-12-28,2024-12-26
Blake Shelton,49057149,3,37,2023-12-28,2024-12-26
Sophie Ellis-Bextor,48704408,3,16,2024-02-01,2024-03-28
The Jackson 5,48461428,2,64,2023-12-28,2024-12-26
Stray Kids,48416632,3,42,2024-08-01,2025-11-27
Lil Durk,48321576,3,17,2023-06-01,2023-07-27
Lorde,48199175,3,19,2024-06-27,2025-05-29
MC PH,48179397,5,88,2023-07-27,2023-12-28
Sean Paul,47897234,4,55,2023-04-27,2026-02-26
Luar La L,47606250,5,93,2023-10-26,2026-01-01
Muni Long,47201662,4,22,2023-06-01,2024-03-28
Clave Especial,46985348,2,65,2025-05-01,2025-05-29
Britney Spears,46940622,3,55,2023-12-28,2024-12-26
Pamungkas,46433799,5,99,2025-08-28,2026-01-01
Bernadya,46182674,2,58,2024-08-29,2024-09-26
Anirudh Ravichander,45910212,4,22,2023-08-31,2023-11-30
i wanna be a jack-o-lantern,45752868,5,91,2025-05-29,2025-09-25
wifiskeleton,45752868,5,91,2025-05-29,2025-09-25
The Script,45475135,5,106,2025-08-28,2026-02-26
WALK THE MOON,45396980,5,154,2024-05-30,2024-09-26
Joji,45197849,5,74,2023-02-23,2025-10-30
Chuwi,45010096,3,17,2025-01-30,2025-03-27
Ke Personajes,44962671,5,85,2023-04-27,2024-04-25
Migrantes,44957172,4,51,2023-02-23,2023-06-01
LiL CaKe,44957172,4,51,2023-02-23,2023-06-01
Nico Valdi,44957172,4,51,2023-02-23,2023-06-01
Gittobeatz,44753157,5,125,2023-10-26,2024-02-29
Jere Klein,44753157,5,125,2023-10-26,2024-02-29
Anuv Jain,44400329,4,82,2024-02-01,2024-11-28
Rico Ace,44385141,4,45,2025-11-27,2026-02-26
Flo Milli,44229033,3,25,2024-02-01,2025-02-27
Alex Favela,43901122,4,63,2023-09-28,2023-12-28
Joaquin Medina,43901122,4,63,2023-09-28,2023-12-28
Tainy,43535094,4,31,2023-07-27,2023-10-26
Lizzy McAlpine,43449120,4,45,2023-02-23,2023-06-01
Juice WRLD,42868727,3,101,2023-12-28,2024-12-26
Jasiel Nuñez,42048619,4,123,2023-06-29,2023-09-28
Chuck Berry,41944903,2,38,2023-12-28,2024-12-26
Herencia De Grandes,41856262,4,69,2025-11-27,2026-02-26
Cynthia Erivo,41799094,2,71,2024-11-28,2025-11-27
TINI,41466128,4,55,2023-02-23,2023-06-01
DJ Glenner,40838502,3,39,2024-10-31,2024-12-26
Ndotz,40805369,3,47,2024-09-26,2024-11-28
Agust D,40794132,1,21,2023-04-27,2023-04-27
Idgitaf,40014186,3,24,2026-01-01,2026-02-26
Oscar Ortiz,39780264,3,41,2024-02-01,2024-03-28
PEDRO SAMPAIO,39762468,4,82,2025-10-30,2026-02-26
The Beach Boys,39690851,2,48,2023-12-28,2024-12-26
TrapLaudo,39557591,4,88,2023-09-28,2023-12-28
Mc IG,39557591,4,88,2023-09-28,2023-12-28
Mc Don Juan,39557591,4,88,2023-09-28,2023-12-28
Mc Luki,39557591,4,88,2023-09-28,2023-12-28
Mc Kadu,39557591,4,88,2023-09-28,2023-12-28
Dj GBR,39557591,4,88,2023-09-28,2023-12-28
MC GH do 7,39557591,4,88,2023-09-28,2023-12-28
A$AP Rocky,39443783,3,56,2023-06-29,2026-01-29
Eagles,39006993,2,51,2023-12-28,2024-12-26
LOUKI,38871697,3,36,2024-09-26,2024-11-28
Lost Frequencies,38733000,3,112,2024-08-01,2024-09-26
Chuyin,38582595,4,89,2025-02-27,2025-05-29
Pentatonix,38336084,2,40,2023-12-28,2024-12-26
Henri René and His Orchestra,38227935,2,48,2023-12-28,2024-12-26
Eartha Kitt,38227935,2,48,2023-12-28,2024-12-26
Sachin-Jigar,38085821,3,91,2023-06-01,2024-08-29
Clementine Douglas,38011164,4,105,2025-05-29,2025-08-28
NLE Choppa,37849726,3,22,2023-04-27,2023-06-29
Shilpa Rao,37842021,3,22,2023-09-28,2023-11-30
Kumaar,37842021,3,22,2023-09-28,2023-11-30
Kirsty MacColl,37717648,2,51,2023-12-28,2024-12-26
The Pogues,37717648,2,51,2023-12-28,2024-12-26
MC G15,37457600,3,49,2024-05-30,2025-03-27
Daddy Yankee,37421765,3,52,2023-06-29,2025-11-27
Bruce Springsteen,37212549,2,43,2023-12-28,2024-12-26
BENNETT,36941186,4,85,2023-09-28,2024-02-01
Sky Rompiendo,36859541,3,23,2023-06-29,2023-08-31
Lay Bankz,36660182,2,38,2024-04-25,2024-05-30
Jasleen Royal,36422859,3,40,2023-08-31,2023-10-26
Dulquer Salmaan,36422859,3,40,2023-08-31,2023-10-26
Dimitri Vegas,36334347,4,146,2024-02-29,2024-06-27
Dido,36334347,4,146,2024-02-29,2024-06-27
W&W,36334347,4,146,2024-02-29,2024-06-27
Dimitri Vegas & Like Mike,36334347,4,146,2024-02-29,2024-06-27
Like Mike,36334347,4,146,2024-02-29,2024-06-27
Sebastian Yatra,36177554,4,117,2023-06-01,2023-08-31
Mc Gw,35798063,4,92,2023-07-27,2025-10-30
MXZI,35653469,4,121,2025-06-26,2025-10-30
League of Legends,35541853,3,128,2023-02-23,2024-11-28
Queen,35340243,2,59,2023-12-28,2024-12-26
Kate Bush,35273558,3,28,2026-01-01,2026-02-26
Madison Beer,35269322,4,154,2024-03-28,2026-01-29
Gesaffelstein,35193361,4,83,2023-02-23,2023-06-01
SOG,35040616,4,128,2023-07-27,2024-11-28
HUGEL,34996400,4,114,2025-05-01,2025-08-28
Daecolm,34996400,4,114,2025-05-01,2025-08-28
Topic,34996400,4,114,2025-05-01,2025-08-28
Arash,34996400,4,114,2025-05-01,2025-08-28
S3BZS,34948487,4,92,2023-06-29,2023-09-28
DENNIS,34697612,3,41,2023-06-29,2023-08-31
Good Neighbours,34675312,3,69,2024-02-29,2024-04-25
AZ Chike,34538694,2,30,2024-11-28,2025-02-27
Mesita,34535856,3,58,2024-02-01,2024-03-28
XXXTENTACION,34478211,4,181,2023-02-23,2024-10-31
Mambo Kingz,34463144,4,123,2023-03-30,2026-02-26
DJ Luian,34463144,4,123,2023-03-30,2026-02-26
INTERWORLD,34329272,4,103,2023-02-23,2023-06-01
Veigh,34040284,3,139,2023-06-01,2023-07-27
The Andrews Sisters,33828675,2,61,2023-12-28,2024-12-26
Red Hot Chili Peppers,33780034,3,161,2024-09-26,2026-02-26
Ella Fitzgerald,33414158,2,128,2023-12-28,2024-12-26
Ozzy Osbourne,33182077,1,60,2025-07-31,2025-07-31
Raj Shekhar,32748554,3,83,2023-12-28,2025-07-31
Vishal Mishra,32748554,3,83,2023-12-28,2025-07-31
Gwen Stefani,32486495,2,63,2023-12-28,2024-12-26
Yebba,32461510,3,66,2025-02-27,2025-07-31
Israel & Rodolffo,32348526,4,113,2023-02-23,2023-06-29
ARIZONATEARS,32303511,3,60,2023-02-23,2023-04-27
sped up nightcore,32303511,3,60,2023-02-23,2023-04-27
girl in red,32193042,3,82,2023-10-26,2025-10-30
Bad Gyal,31879381,3,69,2023-08-31,2023-10-26
Dina Rae,31858948,4,149,2023-02-23,2023-06-01
Dionela,31588301,3,92,2024-08-01,2025-01-30
Anggi Marito,31062955,3,70,2023-06-01,2023-07-27
Bellakath,30911660,3,84,2023-10-26,2023-12-28
Dani Flow,30911660,3,84,2023-10-26,2023-12-28
Melody,30824558,3,82,2026-01-01,2026-02-26
SAIKO,30643929,2,68,2023-06-29,2023-09-28
Darell,30624947,2,19,2023-10-26,2023-11-30
Nakama,29695307,3,91,2025-06-26,2025-08-28
ΣP,29695307,3,91,2025-06-26,2025-08-28
Gene Autry,29427431,2,77,2023-12-28,2024-12-26
Marília Mendonça,29270589,3,62,2023-02-23,2023-04-27
Prashant Pandey,29019060,3,121,2024-05-30,2025-07-31
Daryl Hall & John Oates,28885710,2,75,2023-12-28,2024-12-26
ROA,28825598,3,93,2025-10-30,2026-01-01
Kris R.,28825598,3,93,2025-10-30,2026-01-01
Yan Block,28825598,3,93,2025-10-30,2026-01-01
Dody6,28656384,1,15,2024-11-28,2024-11-28
Jonas Brothers,28631527,2,86,2023-12-28,2024-12-26
YOASOBI,28235672,3,95,2023-04-27,2023-06-29
H.E.R.,28172309,3,159,2024-09-26,2025-02-27
Vince Guaraldi Trio,27877892,2,76,2023-12-28,2024-12-26
Oruam,27607859,3,160,2024-12-26,2025-02-27
MC K9,27607859,3,160,2024-12-26,2025-02-27
Dj Lc da Roça,27607859,3,160,2024-12-26,2025-02-27
mc pl alves,27607859,3,160,2024-12-26,2025-02-27
Victor Valverde,27575442,3,109,2025-02-27,2025-05-01
JR Torres,27575442,3,109,2025-02-27,2025-05-01
Shashwat Sachdev,27571040,3,88,2026-01-01,2026-02-26
Armaan Khan,27571040,3,88,2026-01-01,2026-02-26
DJ Javi26,27406326,3,121,2025-08-28,2025-10-30
Dj Samir,27406326,3,121,2025-08-28,2025-10-30
i-dle,27341456,3,110,2023-06-01,2023-07-27
Yuki Chiba,27328700,2,49,2024-08-01,2024-08-29
Fast & Furious: The Fast Saga,27215200,2,22,2023-06-01,2023-06-29
Kodak Black,27215200,2,22,2023-06-01,2023-06-29
Bill Withers,27208933,3,161,2024-03-28,2024-05-30
Karan Aujla,26963533,3,150,2024-08-01,2025-11-27
Disney,26908651,3,128,2026-01-01,2026-02-26
Katy Perry,26888195,3,144,2025-05-01,2025-06-26
Mc Menor Do Alvorada,26860153,3,92,2023-07-27,2023-09-28
Dysbit,26723460,2,44,2025-09-25,2025-10-30
Easykid,26723460,2,44,2025-09-25,2025-10-30
Sachet-Parampara,26624139,3,146,2025-03-27,2025-07-31
Parampara Tandon,26624139,3,146,2025-03-27,2025-07-31
Gangsta,26592804,2,47,2026-01-29,2026-02-26
Donny Hathaway,26520542,2,90,2023-12-28,2024-12-26
Cartel De Santa,26472834,2,38,2023-03-30,2023-04-27
La Kelly,26472834,2,38,2023-03-30,2023-04-27
Dj Caio Vieira,26359359,3,137,2025-06-26,2025-08-28
Colby O'Donis,26182456,3,145,2025-05-01,2025-10-30
Mahalini,26142467,3,71,2023-02-23,2023-06-01
Black Sabbath,25897960,1,33,2025-07-31,2025-07-31
Joel De La P,25885488,2,53,2024-03-28,2024-04-25
Ofenbach,25834421,3,167,2024-02-01,2024-03-28
Norma Jean Martine,25834421,3,167,2024-02-01,2024-03-28
Pharrell Williams,25519657,2,45,2025-02-27,2025-07-31
Alec Benjamin,25430787,3,156,2023-06-29,2024-10-31
Prod Malax,25418478,3,143,2023-06-01,2023-07-27
Bvga Beatz,25418478,3,143,2023-06-01,2023-07-27
Supernova Ent,25418478,3,143,2023-06-01,2023-07-27
Kesha,25319672,2,73,2024-12-26,2025-06-26
Mc Leozin,25266101,2,49,2024-05-30,2024-06-27
DJ TOPO,25266101,2,49,2024-05-30,2024-06-27
Seu Jorge,25266101,2,49,2024-05-30,2024-06-27
RaiNao,25191720,2,36,2025-01-30,2025-02-27
Mari Fernandez,25147039,3,166,2023-06-01,2024-08-29
Becky G,25129343,2,49,2023-04-27,2023-06-01
Jelly Roll,25110868,2,33,2025-05-29,2025-06-26
Ella Langley,25025743,2,46,2026-01-29,2026-02-26
RM,24962070,2,64,2024-05-30,2024-09-26
Siete7x,24658182,1,24,2024-11-28,2024-11-28
Roddy Ricch,24658182,1,24,2024-11-28,2024-11-28
Wallie the Sensei,24658182,1,24,2024-11-28,2024-11-28
Esau Ortiz,24650644,2,64,2025-05-01,2025-05-29
Diva Aurel,24498892,2,59,2025-08-28,2025-09-25
Silet Open Up,24498892,2,59,2025-08-28,2025-09-25
Juan Reza,24498892,2,59,2025-08-28,2025-09-25
Jacson Seran,24498892,2,59,2025-08-28,2025-09-25
BABYMONSTER,24348429,2,80,2024-04-25,2024-05-30
Villano Antillano,23584317,2,95,2024-04-25,2024-05-30
A Boogie Wit da Hoodie,23422630,2,29,2023-06-29,2023-07-27
NAV,23422630,2,29,2023-06-29,2023-07-27
Jay R,23114664,2,92,2024-08-01,2024-08-29
Teezo Touchdown,23104931,1,22,2024-10-31,2024-10-31
PARTYNEXTDOOR,22726227,2,66,2025-02-27,2025-03-27
Maisak,22529512,2,106,2024-08-29,2024-09-26
Keyshia Cole,22284597,2,55,2026-01-29,2026-02-26
Jain,22256045,2,60,2023-06-29,2023-07-27
Isabel LaRosa,22202836,2,114,2024-04-25,2024-05-30
Los Pleneros de la Cresta,22167745,2,65,2025-01-30,2026-02-26
Sebastian Esquivel,22141332,2,61,2024-02-01,2024-02-29
Eugenio Esquivel,22141332,2,61,2024-02-01,2024-02-29
Los Esquivel,22141332,2,61,2024-02-01,2024-02-29
Idina Menzel,21279801,2,143,2023-12-28,2024-12-26
The Puppini Sisters,21122984,2,139,2023-12-28,2024-12-26
Kenshi Yonezu,21093376,2,94,2025-09-25,2025-10-30
Leona Lewis,21006165,2,148,2023-12-28,2024-12-26
Stevie Wonder,20940084,2,121,2023-12-28,2024-12-26
Lithe,20862957,2,88,2024-05-30,2024-06-27
Yves Tumor,20858988,2,91,2025-10-30,2025-11-27
Björk,20858988,2,91,2025-10-30,2025-11-27
Lenin Ramírez,20665357,2,85,2026-01-29,2026-02-26
J. Eskine,20632398,2,74,2025-02-27,2025-03-27
Oliver Tree,20605885,2,58,2023-02-23,2023-03-30
Robin Schulz,20605885,2,58,2023-02-23,2023-03-30
Kaliii,20389919,2,93,2023-06-01,2023-06-29
Offset,20250461,2,77,2023-06-29,2024-08-29
Naykilla,20098893,2,111,2025-01-30,2025-02-27
Tenxi,20098893,2,111,2025-01-30,2025-02-27
Jemsii,20098893,2,111,2025-01-30,2025-02-27
Ram Sampath,19985236,2,121,2024-05-30,2024-06-27
Nueva H,19963325,2,137,2024-12-26,2025-02-27
Amitabh Bhattacharya,19838949,2,91,2023-06-29,2024-08-29
AP Dhillon,19815068,2,67,2023-08-31,2025-08-28
Wizzard,19746381,2,164,2023-12-28,2024-12-26
Surf Curse,19489549,2,133,2024-09-26,2024-10-31
Lomiiel,19284962,2,125,2024-08-01,2024-08-29
Mc Livinho,19183001,2,83,2023-07-27,2025-05-29
Prince,19131137,2,94,2026-01-29,2026-02-26
Dj Brunin XM,19051943,2,95,2023-08-31,2023-09-28
Bibi Babydoll,19051943,2,95,2023-08-31,2023-09-28
KZA Produções,19051943,2,95,2023-08-31,2023-09-28
Henry Freitas,18952745,1,114,2025-01-30,2025-01-30
Ariis,18944875,2,112,2025-05-29,2025-06-26
Yb Wasg'ood,18944875,2,112,2025-05-29,2025-06-26
Mc Paiva ZS,18873829,2,156,2024-12-26,2025-01-30
DJ Di Marques,18873829,2,156,2024-12-26,2025-01-30
Tropa da W&S,18873829,2,156,2024-12-26,2025-01-30
Nilo,18873829,2,156,2024-12-26,2025-01-30
FamousKyo,18873829,2,156,2024-12-26,2025-01-30
The White Stripes,18844959,2,146,2024-05-30,2024-06-27
AUR,18797235,2,114,2023-10-26,2023-11-30
Saaheal,18789881,2,111,2025-05-01,2025-05-29
Kushagra,18789881,2,111,2025-05-01,2025-05-29
Bharath,18789881,2,111,2025-05-01,2025-05-29
Luan Santana,18602481,2,140,2023-12-28,2024-02-01
Dj Andrabeat,18445180,2,140,2025-10-30,2025-11-27
Mc Lele JP,18445180,2,140,2025-10-30,2025-11-27
Amitabha Bhattacharya,18246872,2,120,2023-06-01,2023-06-29
Kings of Leon,18234905,2,173,2024-08-29,2024-09-26
YoungThreat,18030258,1,45,2024-11-28,2024-11-28
Peysoh,18030258,1,45,2024-11-28,2024-11-28
Hitta J3,18030258,1,45,2024-11-28,2024-11-28
Kenia Os,17997145,2,124,2023-03-30,2024-08-01
Shreya Ghoshal,17970028,2,116,2025-07-31,2025-08-28
The Cure,17935722,2,143,2026-01-29,2026-02-26
ERNEST,17893739,2,173,2024-06-27,2024-08-01
ThxSoMch,17800726,2,96,2023-02-23,2023-03-30
MJ Records,17738458,2,152,2026-01-01,2026-01-29
Panda,17738458,2,152,2026-01-01,2026-01-29
Mc Magrinho,17601817,2,106,2023-08-31,2023-09-28
Dj Nk Da Serra,17601817,2,106,2023-08-31,2023-09-28
Kausar Munir,17590315,2,146,2025-03-27,2025-05-01
Superstar Pride,17542079,2,128,2023-02-23,2023-03-30
Shubh,17541352,2,114,2023-07-27,2023-08-31
Pusha T,17537613,2,153,2024-02-01,2024-02-29
Train,17537091,2,193,2023-12-28,2024-06-27
Farruko,17489384,2,155,2026-01-29,2026-02-26
Ikky,17425989,2,150,2025-09-25,2025-11-27
Standly,17421415,2,107,2023-02-23,2023-03-30
Stars Music Chile,17421415,2,107,2023-02-23,2023-03-30
Justin Timberlake,17376841,2,167,2024-02-01,2025-10-30
Brent Faiyaz,17219702,2,153,2023-09-28,2026-01-29
Marco Antonio Solís,17214362,2,152,2025-06-26,2025-07-31
Mc Jhey,17185053,2,164,2025-06-26,2025-10-30
Ghea Indrawari,17015872,2,120,2023-08-31,2023-09-28
Brray,17001686,2,132,2023-02-23,2023-03-30
Lyanno,17001686,2,132,2023-02-23,2023-03-30
ZXKAI,17001148,2,172,2026-01-29,2026-02-26
slxughter,17001148,2,172,2026-01-29,2026-02-26
Annie Lennox,16996940,2,195,2024-06-27,2024-08-01
Eurythmics,16996940,2,195,2024-06-27,2024-08-01
Dave Stewart,16996940,2,195,2024-06-27,2024-08-01
HAVEN.,16917698,2,168,2025-11-27,2026-01-01
Kaitlin Aragon,16917698,2,168,2025-11-27,2026-01-01
Tony Aguirre,16741312,2,168,2023-04-27,2024-02-01
Nicky Jam,16662555,2,157,2023-06-01,2025-05-29
BLOK3,16611311,2,172,2025-08-28,2026-01-01
Chris Grey,16479787,2,191,2025-11-27,2026-01-01
Kordhell,16438210,2,130,2023-02-23,2023-03-30
Céline Dion,16280689,1,81,2024-12-26,2024-12-26
Santigold,16270479,1,45,2024-10-31,2024-10-31
ScHoolboy Q,16270479,1,45,2024-10-31,2024-10-31
Léo Santana,16261465,1,27,2023-02-23,2023-02-23
El Chachito,16140536,2,152,2023-03-30,2023-04-27
Speedy,16017953,1,45,2025-02-27,2025-02-27
Mae Stephens,15921953,2,154,2023-02-23,2023-03-30
Mac DeMarco,15429983,2,173,2023-02-23,2023-03-30
Beat Record,15367818,1,41,2024-02-29,2024-02-29
Nicky Youre,15053475,2,193,2023-02-23,2023-06-01
hey daisy,15053475,2,193,2023-02-23,2023-06-01
LaToiya Williams,14827604,1,61,2024-10-31,2024-10-31
Oliver Anthony Music,14206431,1,45,2023-08-31,2023-08-31
The Weavers,13997791,1,108,2024-12-26,2024-12-26
Cher,13939651,1,81,2023-12-28,2023-12-28
Naughty Boy,13602890,1,59,2025-01-30,2025-01-30
Earl Agustin,13224273,1,64,2025-03-27,2025-03-27
tatool,13104464,1,63,2024-02-29,2024-02-29
IU,13035000,1,54,2023-04-27,2023-04-27
Motive,13011529,1,57,2025-10-30,2025-10-30
UZI,13011529,1,57,2025-10-30,2025-10-30
Seven Kayne,12988234,1,91,2024-04-25,2024-04-25
Neo Pistea,12988234,1,91,2024-04-25,2024-04-25
Bhavi,12988234,1,91,2024-04-25,2024-04-25
KHEA,12988234,1,91,2024-04-25,2024-04-25
Roisee,12790795,1,56,2023-06-29,2023-06-29
Zeynep Bastık,12674019,1,73,2024-03-28,2024-03-28
Odetari,12449776,1,75,2024-09-26,2024-09-26
Mustard,12448530,1,75,2024-06-27,2024-06-27
DG e Batidão Stronda,12191499,1,74,2025-03-27,2025-03-27
Eden Muñoz,12175444,1,60,2023-06-01,2023-06-01
Lewis Somes,12135054,1,81,2024-08-01,2024-08-01
Bryant Myers,11742950,1,65,2023-10-26,2023-10-26
DJ Ari SL,11680334,1,144,2024-12-26,2024-12-26
Brenno & Matheus,11680334,1,144,2024-12-26,2024-12-26
Ray Parker Jr.,11655453,1,106,2024-10-31,2024-10-31
Quavo,11531805,1,90,2024-08-01,2024-08-01
Lauana Prado,11491254,1,115,2023-12-28,2023-12-28
The War And Treaty,11473475,1,72,2023-08-31,2023-08-31
mikeeysmind,11440498,1,84,2026-01-29,2026-01-29
Unjaps,11440498,1,84,2026-01-29,2026-01-29
Chill77,11440498,1,84,2026-01-29,2026-01-29
Lauv,11279309,1,99,2025-01-30,2025-01-30
Labrinth,11271405,1,71,2023-04-27,2023-04-27
IVE,11162721,1,72,2023-04-27,2023-04-27
Maanu,11058024,1,91,2025-05-01,2025-05-01
Annural Khalid,11058024,1,91,2025-05-01,2025-05-01
Fetty Wap,11018120,1,92,2026-01-29,2026-01-29
Laura Pausini,10921255,1,126,2024-11-28,2024-11-28
Bella Kay,10890976,1,78,2026-02-26,2026-02-26
The Lumineers,10870508,1,82,2023-08-31,2023-08-31
Joost,10731678,1,125,2024-05-30,2024-05-30
DJ Matt D,10730990,1,83,2023-07-27,2023-07-27
Christian Nodal,10697072,1,100,2024-02-01,2024-02-01
Juli,10600524,1,117,2025-02-27,2025-02-27
Olly,10600524,1,117,2025-02-27,2025-02-27
ZAYN,10579763,1,106,2025-10-30,2025-10-30
Nuzio Medeiros,10540960,1,114,2025-01-30,2025-01-30
Kadu Martins,10540960,1,114,2025-01-30,2025-01-30
Shreyas Puranik,10537932,1,132,2023-12-28,2023-12-28
Siddharth - Garima,10537932,1,132,2023-12-28,2023-12-28
Niall Horan,10521031,1,72,2023-02-23,2023-02-23
Connie Francis,10502240,1,106,2025-05-29,2025-05-29
Varun Jain,10481043,1,91,2023-06-29,2023-06-29
Shadab Faridi,10481043,1,91,2023-06-29,2023-06-29
Altamash Faridi,10481043,1,91,2023-06-29,2023-06-29
Mithoon,10441696,1,100,2025-07-31,2025-07-31
ENHYPEN,10413428,1,97,2023-06-01,2023-06-01
Henry Moodie,10405771,1,133,2024-05-30,2024-05-30
Jack Black,10388251,1,92,2023-04-27,2023-04-27
The Crypt-Kickers,10375285,1,138,2024-10-31,2024-10-31
"Bobby ""Boris"" Pickett",10375285,1,138,2024-10-31,2024-10-31
Woodkid,10345673,1,146,2024-11-28,2024-11-28
Vitinho Imperador,10302662,1,98,2026-01-01,2026-01-01
Régulo Molina,10298721,1,107,2026-01-29,2026-01-29
Kaifi Khalil,10265156,1,76,2023-02-23,2023-02-23
NF,10262206,1,77,2023-02-23,2023-02-23
Alvaro Diaz,10191969,1,144,2024-05-30,2024-05-30
JAŸ-Z,10149204,1,79,2023-02-23,2023-02-23
King,10067419,1,82,2023-02-23,2023-02-23
Tommy Cash,10029565,1,121,2025-05-29,2025-05-29
Angel Almaguer,9991389,1,121,2026-01-29,2026-01-29
$HUPE,9991389,1,121,2026-01-29,2026-01-29
Piche Kota,9977995,1,108,2026-02-26,2026-02-26
MC LUUKY,9924254,1,158,2024-11-28,2024-11-28
DJ JB Mix,9924254,1,158,2024-11-28,2024-11-28
Lazza,9921918,1,85,2023-02-23,2023-02-23
Slade,9903574,1,183,2024-12-26,2024-12-26
Wesley Safadão,9873732,1,109,2023-03-30,2023-03-30
Igow,9873732,1,109,2023-03-30,2023-03-30
C. Tangana,9846632,1,127,2025-05-29,2025-05-29
MØ,9840618,1,126,2026-01-29,2026-01-29
Major Lazer,9840618,1,126,2026-01-29,2026-01-29
Felipe e Rodrigo,9838993,1,161,2024-04-25,2024-04-25
The Citizens of Halloween,9823051,1,155,2024-10-31,2024-10-31
Cardi B,9812988,1,138,2024-03-28,2024-03-28
Tkandz,9797203,1,134,2025-10-30,2025-10-30
CXSPER,9797203,1,134,2025-10-30,2025-10-30
Andmesh,9769346,1,138,2025-01-30,2025-01-30
Ryan Gosling,9745816,1,103,2023-07-27,2023-07-27
ZICO,9718011,1,158,2024-05-30,2024-05-30
Loco,9667220,1,148,2024-08-01,2024-08-01
Sleep Token,9652861,1,127,2025-05-01,2025-05-01
iZaak,9650662,1,168,2024-04-25,2024-04-25
Summer Walker,9593704,1,169,2024-04-25,2024-04-25
Bakar,9593704,1,169,2024-04-25,2024-04-25
Grelo,9474929,1,167,2024-08-29,2024-08-29
Fred again..,9462453,1,123,2025-06-26,2025-06-26
Plaqueboymax,9462453,1,123,2025-06-26,2025-06-26
Skepta,9462453,1,123,2025-06-26,2025-06-26
Hansika Pareek,9443707,1,137,2025-07-31,2025-07-31
Sal Priadi,9420278,1,169,2024-08-29,2024-08-29
SUICIDAL-IDOL,9415110,1,120,2023-10-26,2023-10-26
B.o.B,9402054,1,145,2026-01-29,2026-01-29
Rippy Grewal,9383869,1,134,2025-11-27,2025-11-27
Talwiinder,9383869,1,134,2025-11-27,2025-11-27
NDS,9383869,1,134,2025-11-27,2025-11-27
Divya Kumar,9357906,1,170,2024-08-29,2024-08-29
Madhubanti Bagchi,9357906,1,170,2024-08-29,2024-08-29
Poizi,9342258,1,141,2025-09-25,2025-09-25
DJ JZ,9323328,1,177,2024-04-25,2024-04-25
Silvanno Salles,9323328,1,177,2024-04-25,2024-04-25
Humberto & Ronaldo,9323328,1,177,2024-04-25,2024-04-25
Mc Mininin,9323328,1,177,2024-04-25,2024-04-25
DJ LG PROD,9323328,1,177,2024-04-25,2024-04-25
J Hus,9303599,1,125,2023-06-29,2023-06-29
Lunay,9242284,1,151,2024-02-01,2024-02-01
Gaby Music,9242284,1,151,2024-02-01,2024-02-01
Prince Royce,9192253,1,151,2026-01-29,2026-01-29
Ashnikko,9174378,1,192,2024-11-28,2024-11-28
Foster The People,9172922,1,188,2024-05-30,2024-05-30
Marino,9129902,1,154,2025-07-31,2025-07-31
Rick Ross,9091635,1,174,2024-03-28,2024-03-28
Wall Hein,9084213,1,135,2023-06-01,2023-06-01
MC Caverinha,9084213,1,135,2023-06-01,2023-06-01
KayBlack,9084213,1,135,2023-06-01,2023-06-01
G-Eazy,9062118,1,191,2024-04-25,2024-04-25
Brett Eldredge,9041194,1,180,2023-12-28,2023-12-28
Sachet Tandon,9033824,1,161,2025-07-31,2025-07-31
Capital Cities,9032914,1,193,2024-10-31,2024-10-31
The Clash,9002489,1,139,2026-01-01,2026-01-01
Gustavo Moura & Rafael,8971549,1,194,2024-05-30,2024-05-30
Jubin Nautiyal,8960490,1,165,2025-07-31,2025-07-31
The Rish,8960490,1,165,2025-07-31,2025-07-31
Alex Krack,8953144,1,164,2025-01-30,2025-01-30
MC Nito,8937910,1,164,2025-10-30,2025-10-30
juan karlos,8932407,1,134,2023-10-26,2023-10-26
Leon Thomas,8903823,1,154,2025-05-01,2025-05-01
The Cranberries,8901520,1,193,2024-09-26,2024-09-26
4batz,8837488,1,172,2024-02-01,2024-02-01
NATTAN,8805941,1,147,2026-01-01,2026-01-01
Sleepy Hallow,8801120,1,177,2025-03-27,2025-03-27
Lola Indigo,8759230,1,138,2023-04-27,2023-04-27
GELO,8740826,1,175,2025-01-30,2025-01-30
P!nk,8696717,1,197,2024-08-29,2024-08-29
Nate Ruess,8696717,1,197,2024-08-29,2024-08-29
AliSoomroMusic,8653888,1,165,2025-05-01,2025-05-01
Afusic,8653888,1,165,2025-05-01,2025-05-01
mgk,8652405,1,167,2025-05-29,2025-05-29
Bob Marley & The Wailers,8628041,1,176,2024-02-29,2024-02-29
Fepache,8621806,1,139,2023-07-27,2023-07-27
Vulgo FK,8621806,1,139,2023-07-27,2023-07-27
Pedro Lotto,8621806,1,139,2023-07-27,2023-07-27
Cazzu,8583594,1,191,2025-03-27,2025-03-27
Clams Casino,8581966,1,189,2026-01-29,2026-01-29
Calum Scott,8569901,1,189,2024-08-01,2024-08-01
Gotye,8539844,1,193,2025-03-27,2025-03-27
Kimbra,8539844,1,193,2025-03-27,2025-03-27
Fujii Kaze,8494701,1,131,2023-02-23,2023-02-23
El Alfa,8479993,1,155,2023-06-29,2023-06-29
Natanzinho Lima,8477256,1,190,2025-01-30,2025-01-30
John Legend,8468660,1,195,2025-03-27,2025-03-27
Dj Guuga,8452011,1,177,2025-05-29,2025-05-29
Käärijä,8450614,1,154,2023-06-01,2023-06-01
Alef Donk,8440899,1,196,2025-02-27,2025-02-27
Tammi Terrell,8436078,1,195,2024-02-01,2024-02-01
Marvin Gaye,8436078,1,195,2024-02-01,2024-02-01
Hindia,8434020,1,184,2025-11-27,2025-11-27
ABBA,8431450,1,175,2026-01-01,2026-01-01
Mc Pedrinho,8418530,1,150,2023-07-27,2023-07-27
DJ 900,8418530,1,150,2023-07-27,2023-07-27
Lil Jon,8413514,1,188,2024-02-29,2024-02-29
Ludacris,8413514,1,188,2024-02-29,2024-02-29
USHER,8413514,1,188,2024-02-29,2024-02-29
Mc Th,8411785,1,195,2025-01-30,2025-01-30
Backstreet Boys,8411008,1,194,2024-08-01,2024-08-01
Jon,8396150,1,178,2026-01-01,2026-01-01
Kato,8396150,1,178,2026-01-01,2026-01-01
Mahmood,8364324,1,193,2024-02-29,2024-02-29
Boza,8345171,1,197,2024-08-01,2024-08-01
ELENA ROSE,8345171,1,197,2024-08-01,2024-08-01
Mc Daniel,8344389,1,159,2023-09-28,2023-09-28
Luan Pereira,8344389,1,159,2023-09-28,2023-09-28
Avery Anna,8324537,1,197,2025-01-30,2025-01-30
Sam Barber,8324537,1,197,2025-01-30,2025-01-30
Abhijay Sharma,8321496,1,167,2023-06-29,2023-06-29
Riar Saab,8321496,1,167,2023-06-29,2023-06-29
Gordo,8307746,1,200,2024-08-01,2024-08-01
The Lantis,8288493,1,200,2025-01-30,2025-01-30
Pierce The Veil,8270513,1,175,2025-08-28,2025-08-28
Yuridia,8249870,1,144,2023-02-23,2023-02-23
Ángela Aguilar,8249870,1,144,2023-02-23,2023-02-23
Repsaj,8247143,1,179,2025-06-26,2025-06-26
Lizzo,8239527,1,146,2023-02-23,2023-02-23
Doğu Swag,8233157,1,170,2023-06-29,2023-06-29
Semicenk,8233157,1,170,2023-06-29,2023-06-29
Rizky Febian,8212299,1,197,2025-10-30,2025-10-30
Adrian Khalif,8212299,1,197,2025-10-30,2025-10-30
Jessie Murph,8183223,1,192,2025-05-29,2025-05-29
YOVNGCHIMI,8172512,1,172,2023-10-26,2023-10-26
The 1975,8106206,1,195,2025-09-25,2025-09-25
Super Subu,8068191,1,185,2023-08-31,2023-08-31
fitterkarma,8057944,1,200,2026-02-26,2026-02-26
Nile Rodgers,8046145,1,173,2023-06-01,2023-06-01
Felipe Amorim,8020247,1,188,2023-08-31,2023-08-31
Lil Nas X,7982786,1,160,2023-02-23,2023-02-23
Shawn Mendes,7915471,1,196,2025-08-28,2025-08-28
beabadoobee,7914985,1,165,2023-02-23,2023-02-23
Beach Weather,7913327,1,166,2023-02-23,2023-02-23
Bon Iver,7804790,1,193,2023-09-28,2023-09-28
Sierra Ferrell,7798822,1,200,2023-08-31,2023-08-31
Jessie Reyez,7768464,1,177,2023-02-23,2023-02-23
Mikky Ekko,7757767,1,179,2023-02-23,2023-02-23
Lil Mabu,7676830,1,200,2023-06-01,2023-06-01
KAI,7660347,1,190,2023-03-30,2023-03-30
Wisin & Yandel,7547050,1,185,2023-02-23,2023-02-23
DaBaby,7504989,1,199,2023-07-27,2023-07-27
Beach House,7242499,1,200,2023-02-23,2023-02-23
